<HAS id="1">
  <player id="2"/>
  <room id="3"/>
  <song id="4">
    <song id="5">
      <name>I love Kanye</name>
      <duration id="6">00:03:45</duration>
      <genre>Rap</genre>
      <trackNum>0</trackNum>
      <artist id="7">
        <name>Kanye</name>
        <album id="8">
          <album id="9">
            <name>Yeezus</name>
            <date id="10">1997-01-01</date>
            <song id="11">
              <song reference="5"/>
              <song id="12">
                <name>Blood on the leaves</name>
                <duration id="13">00:02:22</duration>
                <genre>Rap</genre>
                <trackNum>1</trackNum>
                <artist reference="7"/>
              </song>
            </song>
            <artist reference="7"/>
          </album>
        </album>
        <songs id="14">
          <song id="15">
            <name>I love Kanye</name>
            <duration id="16">00:03:45</duration>
            <genre>Rap</genre>
            <trackNum>1</trackNum>
            <artist reference="7"/>
          </song>
          <song reference="5"/>
          <song reference="12"/>
        </songs>
      </artist>
    </song>
    <song reference="12"/>
    <song id="17">
      <name>Forbidden Fruit</name>
      <duration id="18">00:04:44</duration>
      <genre>Rap</genre>
      <trackNum>3</trackNum>
      <artist id="19">
        <name>J Cole</name>
        <album id="20">
          <album id="21">
            <name>Born Sinner</name>
            <date id="22">2012-01-01</date>
            <song id="23">
              <song reference="17"/>
            </song>
            <artist reference="19"/>
          </album>
        </album>
        <songs id="24">
          <song reference="17"/>
        </songs>
      </artist>
    </song>
    <song id="25">
      <name>Moon Landing</name>
      <duration id="26">00:02:55</duration>
      <genre>Spacey</genre>
      <trackNum>1</trackNum>
      <artist id="27">
        <name>Moon</name>
        <album id="28">
          <album id="29">
            <name>Apollo</name>
            <date id="30">2012-12-01</date>
            <song id="31">
              <null/>
              <song reference="25"/>
            </song>
            <artist reference="27"/>
          </album>
        </album>
        <songs id="32">
          <song reference="25"/>
        </songs>
      </artist>
    </song>
    <song id="33">
      <name>My Dad&apos;s Gone Crazy</name>
      <duration id="34">00:04:33</duration>
      <genre>Rap</genre>
      <trackNum>7</trackNum>
      <artist id="35">
        <name>Eminem</name>
        <album id="36">
          <album id="37">
            <name>The Marshall Mathers LP</name>
            <date id="38">2001-03-02</date>
            <song id="39">
              <null/>
              <song id="40">
                <name>Without Me</name>
                <duration id="41">00:05:12</duration>
                <genre>Rap</genre>
                <trackNum>1</trackNum>
                <artist reference="35"/>
              </song>
              <song reference="33"/>
            </song>
            <artist reference="35"/>
          </album>
        </album>
        <songs id="42">
          <song reference="33"/>
          <song reference="40"/>
        </songs>
      </artist>
    </song>
    <song reference="40"/>
  </song>
  <album id="43">
    <album reference="9"/>
    <album reference="21"/>
    <album reference="29"/>
    <album reference="37"/>
  </album>
  <playlist id="44"/>
  <artist id="45">
    <artist reference="7"/>
    <artist reference="19"/>
    <artist reference="27"/>
    <artist reference="35"/>
  </artist>
</HAS>